{
  "breakpoints": [
    0.642,
    0.65,
    0.651,
    0.652,
    0.654,
    0.659,
    0.66,
    0.663,
    0.664,
    0.67,
    0.673,
    0.682,
    0.687,
    0.71,
    0.712,
    0.715,
    0.72,
    0.724,
    0.725,
    0.729,
    0.73,
    0.737,
    0.74,
    0.742,
    0.744,
    0.747,
    0.75,
    0.757,
    0.76,
    0.77,
    0.774,
    0.78,
    0.783,
    0.784,
    0.786,
    0.804,
    0.807,
    0.81,
    0.82,
    0.837,
    0.854,
    0.858,
    0.86,
    0.87,
    0.876,
    0.887,
    0.89,
    0.91,
    0.92,
    0.93,
    0.95,
    1.0
  ],
  "fitted_values": [
    0.1111111111111111,
    0.1111111111111111,
    0.1111111111111111,
    0.1111111111111111,
    0.1111111111111111,
    0.1111111111111111,
    0.1111111111111111,
    0.1111111111111111,
    0.14285714285714285,
    0.14285714285714285,
    0.14285714285714285,
    0.14285714285714285,
    0.3898305084745763,
    0.3898305084745763,
    0.3898305084745763,
    0.3898305084745763,
    0.3898305084745763,
    0.3898305084745763,
    0.3898305084745763,
    0.3898305084745763,
    0.3898305084745763,
    0.3898305084745763,
    0.3898305084745763,
    0.3898305084745763,
    0.3898305084745763,
    0.3898305084745763,
    0.3898305084745763,
    0.3898305084745763,
    0.3898305084745763,
    0.3898305084745763,
    0.3898305084745763,
    0.3898305084745763,
    0.3898305084745763,
    0.3898305084745763,
    0.3898305084745763,
    0.3898305084745763,
    0.3898305084745763,
    0.38983050847457623,
    0.3898305084745763,
    0.3898305084745763,
    0.3898305084745763,
    0.3898305084745763,
    0.4077574967405476,
    0.46153846153846156,
    0.46153846153846156,
    0.46153846153846156,
    0.46153846153846156,
    0.46153846153846156,
    0.46153846153846156,
    0.6593406593406593,
    0.8571428571428571,
    0.8571428571428571
  ],
  "sample_count": 95
}